{
   "total energy":          -5.07022229,
   "HOMO-LUMO gap/eV":          14.17740949,
   "electronic energy":          -5.10180842,
   "dipole": [     0.00000000,    -0.00000000,    -0.89954472],
   "partial charges": [
       -0.56105341,
        0.28052671,
        0.28052671],
   "atomic dipole moments": [
   [     0.00000000,    -0.00000000,    -0.16449178],
   [     0.00000000,     0.05522698,    -0.05141195],
   [     0.00000000,    -0.05522698,    -0.05141195]],
   "atomic quadrupole moments": [
   [    -0.06312075,     0.00000000,     0.02194914,    -0.00000000,     0.00000000,     0.04117161],
   [    -0.09839586,    -0.00000000,     0.09380566,     0.00000000,    -0.11665560,     0.00459021],
   [    -0.09839586,     0.00000000,     0.09380566,     0.00000000,     0.11665560,     0.00459021]],
   "number of molecular orbitals": 6,
   "number of electrons": 8,
   "number of unpaired electrons": 0,
   "orbital energies/eV": [
      -18.51126391,
      -15.37767857,
      -14.01524981,
      -12.16633268,
        2.01107680,
        6.06226001],
   "fractional occupation": [
        2.00000000,
        2.00000000,
        2.00000000,
        2.00000000,
        0.00000000,
        0.00000000],
   "program call": "xtb --chrg 0 --uhf 0 --gfn 2 --grad --input xtb.inp coord.xyz --json",
   "method": "GFN2-xTB",
   "xtb version": "6.6.1 (8d0f1dd)"
}
